,model,n_steps,n_envs,run_time,steps_per_second
0,rodent.xml,1,1,0.002286672592163086,437.31665102700447
1,rodent.xml,1,1,0.0019767284393310547,505.8863828247497
2,rodent.xml,1,1,0.001962900161743164,509.4502611441759
3,rodent.xml,1,2,0.003872394561767578,516.4762960226573
4,rodent.xml,1,2,0.003846883773803711,519.9013325069724
5,rodent.xml,1,2,0.0038471221923828125,519.8691125433812
6,rodent.xml,1,3,0.0057528018951416016,521.4850180280989
7,rodent.xml,1,3,0.005736351013183594,522.9805486284289
8,rodent.xml,1,4,0.007630109786987305,524.238852607568
9,rodent.xml,1,5,0.009490013122558594,526.8696613405688
10,rodent.xml,1,6,0.011368751525878906,527.7624360372452
11,rodent.xml,1,7,0.013252973556518555,528.1833522226419
12,rodent.xml,1,8,0.015136241912841797,528.532778880383
13,rodent.xml,1,10,0.018930673599243164,528.2432211181219
14,rodent.xml,1,11,0.020797014236450195,528.9220786664986
15,rodent.xml,1,13,0.02455878257751465,529.3422000446571
16,rodent.xml,1,16,0.030199289321899414,529.8137922867406
17,rodent.xml,1,19,0.03584885597229004,530.0029661946915
18,rodent.xml,1,23,0.04349684715270996,528.7739573227216
19,rodent.xml,1,27,0.05096936225891113,529.7299947142169
20,rodent.xml,1,32,0.06033635139465332,530.3602100612876
21,rodent.xml,1,38,0.07164978981018066,530.357452557392
22,rodent.xml,1,45,0.08479833602905273,530.6707903393595
23,rodent.xml,1,54,0.10184097290039062,530.2384537588493
24,rodent.xml,1,64,0.12083721160888672,529.6381731080367
25,rodent.xml,1,76,0.14337539672851562,530.0769988027139
26,rodent.xml,1,91,0.17137455940246582,531.0006357845122
27,rodent.xml,1,108,0.203538179397583,530.6129804228881
28,rodent.xml,1,128,0.24096941947937012,531.1877344293405
29,rodent.xml,1,152,0.2864401340484619,530.651895220394
30,rodent.xml,1,181,0.34096717834472656,530.8428831147037
31,rodent.xml,1,215,0.4051785469055176,530.6302656989765
32,rodent.xml,1,256,0.48215508460998535,530.949497726604
33,rodent.xml,1,304,0.572504997253418,530.9997318074677
34,rodent.xml,1,362,0.6829757690429688,530.0334454138227
35,rodent.xml,1,431,0.8125481605529785,530.4300974685409
36,rodent.xml,1,512,0.9650166034698486,530.5608195330881
37,rodent.xml,1,1,0.001969575881958008,507.72352015494494
38,rodent.xml,1,1,0.00196075439453125,510.0077821011673
39,rodent.xml,1,1,0.0019636154174804688,509.264691597863
40,rodent.xml,1,2,0.0038497447967529297,519.5149563386387
41,rodent.xml,1,2,0.0038437843322753906,520.3205557623123
42,rodent.xml,1,2,0.003846883773803711,519.9013325069724
43,rodent.xml,1,3,0.0057294368743896484,523.6116682618285
44,rodent.xml,1,3,0.005727052688598633,523.829649057075
45,rodent.xml,1,4,0.0076122283935546875,525.4703081934352
46,rodent.xml,1,5,0.009494543075561523,526.6182859151746
47,rodent.xml,1,6,0.011365175247192383,527.928506996161
48,rodent.xml,1,7,0.013275146484375,527.3011494252873
49,rodent.xml,1,8,0.015130996704101562,528.7159964704399
50,rodent.xml,1,10,0.01889801025390625,529.1562373839322
51,rodent.xml,1,11,0.02080225944519043,528.7887130233464
52,rodent.xml,1,13,0.02456831932067871,529.1367240191369
53,rodent.xml,1,16,0.030210256576538086,529.6214535438912
54,rodent.xml,1,19,0.03587961196899414,529.5486477506811
55,rodent.xml,1,23,0.043378353118896484,530.2183772850689
56,rodent.xml,1,27,0.05087876319885254,530.6732770699293
57,rodent.xml,1,32,0.06033778190612793,530.347636076262
58,rodent.xml,1,38,0.07163190841674805,530.4898450969558
59,rodent.xml,1,45,0.0847768783569336,530.8051071488835
60,rodent.xml,1,54,0.10176634788513184,530.6272763266712
61,rodent.xml,1,64,0.1205589771270752,530.8605093135519
62,rodent.xml,1,76,0.14335060119628906,530.1686868821267
63,rodent.xml,1,91,0.17135047912597656,531.0752585237708
64,rodent.xml,1,108,0.2034590244293213,530.8194134073302
65,rodent.xml,1,128,0.24101471900939941,531.0878959015282
66,rodent.xml,1,152,0.2868959903717041,529.8087289511014
67,rodent.xml,1,181,0.340989351272583,530.8083649078843
68,rodent.xml,1,215,0.40479135513305664,531.1378251379123
69,rodent.xml,1,256,0.48210859298706055,531.0006992695749
70,rodent.xml,1,304,0.5724821090698242,531.020961500339
71,rodent.xml,1,362,0.6816468238830566,531.0668036826424
72,rodent.xml,1,431,0.8116388320922852,531.0243706414903
73,rodent.xml,1,512,0.9635262489318848,531.3814756656361
74,rodent.xml,1,1,0.00197601318359375,506.0694980694981
75,rodent.xml,1,1,0.0019538402557373047,511.8125686394143
76,rodent.xml,1,1,0.0019571781158447266,510.9397003289073
77,rodent.xml,1,2,0.003838777542114258,520.9991925967331
78,rodent.xml,1,2,0.003843069076538086,520.4173956200757
79,rodent.xml,1,2,0.003843545913696289,520.3528317101917
80,rodent.xml,1,3,0.005725860595703125,523.9387075283145
81,rodent.xml,1,3,0.0057239532470703125,524.1132955681439
82,rodent.xml,1,4,0.0076138973236083984,525.3551276029435
83,rodent.xml,1,5,0.009488821029663086,526.9358526596145
84,rodent.xml,1,6,0.011364221572875977,527.9728102381202
85,rodent.xml,1,7,0.013250112533569336,528.2973999100315
86,rodent.xml,1,8,0.015130996704101562,528.7159964704399
87,rodent.xml,1,10,0.018909692764282227,528.8293218009658
88,rodent.xml,1,11,0.02081441879272461,528.4798057318275
89,rodent.xml,1,13,0.02457141876220703,529.0699786532117
90,rodent.xml,1,16,0.03019881248474121,529.8221580098372
91,rodent.xml,1,19,0.03585553169250488,529.9042882125688
92,rodent.xml,1,23,0.043370962142944336,530.3087333916036
93,rodent.xml,1,27,0.05089592933654785,530.4942920181943
94,rodent.xml,1,32,0.06033158302307129,530.4021276511663
95,rodent.xml,1,38,0.07161760330200195,530.5958067286758
96,rodent.xml,1,45,0.08475756645202637,530.9260504248957
97,rodent.xml,1,54,0.10168671607971191,531.0428154417884
98,rodent.xml,1,64,0.12054014205932617,530.9434592212539
99,rodent.xml,1,76,0.14307904243469238,531.1749275557933
100,rodent.xml,1,91,0.1713418960571289,531.1018617983469
101,rodent.xml,1,108,0.20334315299987793,531.1218912793431
102,rodent.xml,1,128,0.24096989631652832,531.1866833019855
103,rodent.xml,1,152,0.2860546112060547,531.3670678446408
104,rodent.xml,1,181,0.3407595157623291,531.1663845837919
105,rodent.xml,1,215,0.40531039237976074,530.4576542872185
106,rodent.xml,1,256,0.4821290969848633,530.9781168590978
107,rodent.xml,1,304,0.5721814632415771,531.29998004086
108,rodent.xml,1,362,0.6812810897827148,531.3518978127734
109,rodent.xml,1,431,0.8114066123962402,531.1763466249971
110,rodent.xml,1,512,0.963824987411499,531.2167734674063
111,rodent.xml,2,1,0.0029964447021484375,667.457670273711
112,rodent.xml,2,1,0.0029807090759277344,670.9812829947208
113,rodent.xml,2,1,0.0029354095458984375,681.3359324236517
114,rodent.xml,2,2,0.005804777145385742,689.0876083295683
115,rodent.xml,2,2,0.005838871002197266,685.0639444671294
116,rodent.xml,2,2,0.00579524040222168,690.2215822602542
117,rodent.xml,2,3,0.008698701858520508,689.758092366726
118,rodent.xml,2,3,0.008665084838867188,692.4340744001761
119,rodent.xml,2,4,0.011560440063476562,692.0151790133641
120,rodent.xml,2,5,0.01442718505859375,693.1359069275516
121,rodent.xml,2,6,0.01723027229309082,696.4486571005549
122,rodent.xml,2,7,0.020136356353759766,695.2598451301238
123,rodent.xml,2,8,0.02304840087890625,694.1913273750414
124,rodent.xml,2,10,0.028655052185058594,697.9572003860618
125,rodent.xml,2,11,0.03161263465881348,695.9242795622695
126,rodent.xml,2,13,0.037320613861083984,696.6659256136047
127,rodent.xml,2,16,0.04581189155578613,698.5085948925052
128,rodent.xml,2,19,0.054534912109375,696.8013430330162
129,rodent.xml,2,23,0.06600427627563477,696.9245417964037
130,rodent.xml,2,27,0.07765412330627441,695.3912773829079
131,rodent.xml,2,32,0.09192395210266113,696.2276809913968
132,rodent.xml,2,38,0.10918664932250977,696.0557950222944
133,rodent.xml,2,45,0.12910223007202148,697.1219625702224
134,rodent.xml,2,54,0.15505146980285645,696.542897254176
135,rodent.xml,2,64,0.1835949420928955,697.186962455831
136,rodent.xml,2,76,0.21819782257080078,696.6155675118118
137,rodent.xml,2,91,0.26080775260925293,697.832016798503
138,rodent.xml,2,108,0.31005239486694336,696.6564476713517
139,rodent.xml,2,128,0.36714720726013184,697.2680029637769
140,rodent.xml,2,152,0.4361081123352051,697.0748569023109
141,rodent.xml,2,181,0.520050048828125,696.0868493633003
142,rodent.xml,2,215,0.6169075965881348,697.0249716135046
143,rodent.xml,2,256,0.7339205741882324,697.6231734153357
144,rodent.xml,2,304,0.8726325035095215,696.7423257267725
145,rodent.xml,2,362,1.038611650466919,697.0844200279461
146,rodent.xml,2,431,1.2376723289489746,696.4686693221996
147,rodent.xml,2,512,1.4695205688476562,696.8259047935497
148,rodent.xml,2,1,0.0029480457305908203,678.4155276991509
149,rodent.xml,2,1,0.0029790401458740234,671.3571828731492
150,rodent.xml,2,1,0.0029392242431640625,680.4516547696301
151,rodent.xml,2,2,0.005796194076538086,690.108016947061
152,rodent.xml,2,2,0.005785703659057617,691.3592945151852
153,rodent.xml,2,2,0.005839347839355469,685.0080026130981
154,rodent.xml,2,3,0.008649826049804688,693.6555678059536
155,rodent.xml,2,3,0.008651018142700195,693.5599834642414
156,rodent.xml,2,4,0.011563777923583984,691.8154302915344
157,rodent.xml,2,5,0.014360189437866211,696.3696435390414
158,rodent.xml,2,6,0.017272233963012695,694.7566843812548
159,rodent.xml,2,7,0.020208358764648438,692.7826333176026
160,rodent.xml,2,8,0.023029088973999023,694.7734675073247
161,rodent.xml,2,10,0.02872014045715332,696.3754244112203
162,rodent.xml,2,11,0.03150153160095215,698.378741665216
163,rodent.xml,2,13,0.037448883056640625,694.2797188550473
164,rodent.xml,2,16,0.04595375061035156,696.3523014983605
165,rodent.xml,2,19,0.05453610420227051,696.786111803306
166,rodent.xml,2,23,0.06607532501220703,696.1751605686657
167,rodent.xml,2,27,0.07755351066589355,696.2934306434704
168,rodent.xml,2,32,0.09177041053771973,697.3925432500331
169,rodent.xml,2,38,0.10909438133239746,696.6444932524722
170,rodent.xml,2,45,0.12910938262939453,697.0833425665345
171,rodent.xml,2,54,0.1549081802368164,697.1871971828384
172,rodent.xml,2,64,0.18356919288635254,697.284756703401
173,rodent.xml,2,76,0.21794581413269043,697.4210567194417
174,rodent.xml,2,91,0.2615671157836914,695.8061201795291
175,rodent.xml,2,108,0.3099827766418457,696.8129079299349
176,rodent.xml,2,128,0.3672194480895996,697.1308337066542
177,rodent.xml,2,152,0.4356503486633301,697.8073148173485
178,rodent.xml,2,181,0.519397497177124,696.961386928962
179,rodent.xml,2,215,0.616417407989502,697.5792611089322
180,rodent.xml,2,256,0.733802080154419,697.7358252953662
181,rodent.xml,2,304,0.8709516525268555,698.0869698519259
182,rodent.xml,2,362,1.0385916233062744,697.0978619057249
183,rodent.xml,2,431,1.2358286380767822,697.507707331867
184,rodent.xml,2,512,1.4686095714569092,697.2581548574262
185,rodent.xml,2,1,0.0029592514038085938,675.8466000644538
186,rodent.xml,2,1,0.0029799938201904297,671.1423313865109
187,rodent.xml,2,1,0.002933025360107422,681.8897740204844
188,rodent.xml,2,2,0.005789518356323242,690.9037598319812
189,rodent.xml,2,2,0.005790233612060547,690.818413901013
190,rodent.xml,2,2,0.0058422088623046875,684.6725432582435
191,rodent.xml,2,3,0.008655071258544922,693.2351936532423
192,rodent.xml,2,3,0.008650779724121094,693.579098225113
193,rodent.xml,2,4,0.011556863784790039,692.2293235409403
194,rodent.xml,2,5,0.014375448226928711,695.6304834563397
195,rodent.xml,2,6,0.0172274112701416,696.5643190279143
196,rodent.xml,2,7,0.020127058029174805,695.581042182447
197,rodent.xml,2,8,0.02303600311279297,694.5649347961084
198,rodent.xml,2,10,0.02863168716430664,698.5267715879756
199,rodent.xml,2,11,0.03165483474731445,694.9965202982602
200,rodent.xml,2,13,0.03748464584350586,693.6173309078882
201,rodent.xml,2,16,0.04614567756652832,693.4560653891263
202,rodent.xml,2,19,0.0545957088470459,696.0253983781022
203,rodent.xml,2,23,0.06588172912597656,698.2208969051272
204,rodent.xml,2,27,0.07761311531066895,695.7586972749307
205,rodent.xml,2,32,0.09201717376708984,695.5223397970711
206,rodent.xml,2,38,0.10886836051940918,698.0907918279033
207,rodent.xml,2,45,0.1292109489440918,696.5353999446444
208,rodent.xml,2,54,0.15501785278320312,696.6939488643354
209,rodent.xml,2,64,0.18368887901306152,696.8304270118516
210,rodent.xml,2,76,0.21822118759155273,696.5409806333759
211,rodent.xml,2,91,0.26114368438720703,696.9343349316545
212,rodent.xml,2,108,0.3101017475128174,696.5455749038374
213,rodent.xml,2,128,0.36759471893310547,696.4191453647804
214,rodent.xml,2,152,0.4360616207122803,697.1491769980454
215,rodent.xml,2,181,0.5191454887390137,697.2997124164276
216,rodent.xml,2,215,0.6169085502624512,697.0238940878113
217,rodent.xml,2,256,0.7341442108154297,697.4106619070259
218,rodent.xml,2,304,0.8723418712615967,696.9744546604181
219,rodent.xml,2,362,1.0381953716278076,697.363925698133
220,rodent.xml,2,431,1.235701560974121,697.5794376438864
221,rodent.xml,2,512,1.469750165939331,696.7170501018804
222,rodent.xml,3,1,0.003782987594604492,793.0240121005861
223,rodent.xml,3,1,0.0037772655487060547,794.2253361105851
224,rodent.xml,3,1,0.0037643909454345703,796.9416682500475
225,rodent.xml,3,2,0.007459163665771484,804.3797225596113
226,rodent.xml,3,2,0.007470130920410156,803.1987744159326
227,rodent.xml,3,2,0.007464885711669922,803.7631427658895
228,rodent.xml,3,3,0.011159420013427734,806.4935264709652
229,rodent.xml,3,3,0.011145591735839844,807.4941387866861
230,rodent.xml,3,4,0.014840841293334961,808.5794978071233
231,rodent.xml,3,5,0.01864027976989746,804.7089520739803
232,rodent.xml,3,6,0.022241592407226562,809.2945716490867
233,rodent.xml,3,7,0.02597975730895996,808.3216386612461
234,rodent.xml,3,8,0.029674053192138672,808.78738892192
235,rodent.xml,3,10,0.037073373794555664,809.2060940082446
236,rodent.xml,3,11,0.04073977470397949,810.0192070226774
237,rodent.xml,3,13,0.04836463928222656,806.3742556296091
238,rodent.xml,3,16,0.05936098098754883,808.6119737486846
239,rodent.xml,3,19,0.0705564022064209,807.8643215570987
240,rodent.xml,3,23,0.08538198471069336,808.1330064392183
241,rodent.xml,3,27,0.10003399848937988,809.7247058318815
242,rodent.xml,3,32,0.11870551109313965,808.7240357751859
243,rodent.xml,3,38,0.14092540740966797,808.9385874088962
244,rodent.xml,3,45,0.16719770431518555,807.4273540593032
245,rodent.xml,3,54,0.20016050338745117,809.3504825295938
246,rodent.xml,3,64,0.23727965354919434,809.1717816007066
247,rodent.xml,3,76,0.28154611587524414,809.8140487259609
248,rodent.xml,3,91,0.33759546279907227,808.6601571493343
249,rodent.xml,3,108,0.4006497859954834,808.6863173905515
250,rodent.xml,3,128,0.47464537620544434,809.0250516499088
251,rodent.xml,3,152,0.5630333423614502,809.8987496681182
252,rodent.xml,3,181,0.6706969738006592,809.6055613952828
253,rodent.xml,3,215,0.7974753379821777,808.802441003404
254,rodent.xml,3,256,0.948561429977417,809.6470884529684
255,rodent.xml,3,304,1.1267650127410889,809.3968038476554
256,rodent.xml,3,362,1.3421893119812012,809.1257993978204
257,rodent.xml,3,431,1.5963363647460938,809.9796687934619
258,rodent.xml,3,512,1.8972489833831787,809.5932655401936
259,rodent.xml,3,1,0.003793001174926758,790.9304167452385
260,rodent.xml,3,1,0.0038170814514160156,785.94078700812
261,rodent.xml,3,1,0.003772735595703125,795.1789686552073
262,rodent.xml,3,2,0.007512569427490234,798.6615042843541
263,rodent.xml,3,2,0.007514476776123047,798.45878545593
264,rodent.xml,3,2,0.007524728775024414,797.3709324799595
265,rodent.xml,3,3,0.011156082153320312,806.7348264660626
266,rodent.xml,3,3,0.011196613311767578,803.8144883096973
267,rodent.xml,3,4,0.014899730682373047,805.383684833744
268,rodent.xml,3,5,0.01858210563659668,807.2282169388881
269,rodent.xml,3,6,0.022243976593017578,809.2078286779995
270,rodent.xml,3,7,0.02609562873840332,804.7324787808466
271,rodent.xml,3,8,0.029728412628173828,807.3084930627957
272,rodent.xml,3,10,0.03719305992126465,806.6020936031641
273,rodent.xml,3,11,0.0407562255859375,809.6922500935979
274,rodent.xml,3,13,0.04818534851074219,809.3746585916163
275,rodent.xml,3,16,0.05935168266296387,808.7386548511885
276,rodent.xml,3,19,0.07041215896606445,809.5192767412725
277,rodent.xml,3,23,0.08543515205383301,807.6300953560993
278,rodent.xml,3,27,0.10012149810791016,809.01705957994
279,rodent.xml,3,32,0.11855602264404297,809.7437638257652
280,rodent.xml,3,38,0.14069819450378418,810.2449388356144
281,rodent.xml,3,45,0.1665811538696289,810.4158055337688
282,rodent.xml,3,54,0.1998441219329834,810.6317985891313
283,rodent.xml,3,64,0.2370142936706543,810.0777258049914
284,rodent.xml,3,76,0.28179240226745605,809.1062717283613
285,rodent.xml,3,91,0.3372530937194824,809.4810843368383
286,rodent.xml,3,108,0.4002509117126465,809.4922223003216
287,rodent.xml,3,128,0.47492098808288574,808.5555484715328
288,rodent.xml,3,152,0.5634965896606445,809.2329365730814
289,rodent.xml,3,181,0.6700470447540283,810.3908587483334
290,rodent.xml,3,215,0.7958424091339111,810.4619615608724
291,rodent.xml,3,256,0.9487729072570801,809.4666217022386
292,rodent.xml,3,304,1.1266932487487793,809.4483578496619
293,rodent.xml,3,362,1.3413949012756348,809.604985800408
294,rodent.xml,3,431,1.598548412322998,808.8588309446459
295,rodent.xml,3,512,1.8981044292449951,809.2283945678223
296,rodent.xml,4,1,0.004642486572265625,861.607230895645
297,rodent.xml,4,1,0.0046007633209228516,869.4209462610769
298,rodent.xml,4,1,0.004592418670654297,871.0007268196449
299,rodent.xml,4,2,0.009102106094360352,878.9174633941902
300,rodent.xml,4,2,0.009075403213500977,881.5035334296598
301,rodent.xml,4,2,0.009098291397094727,879.2859725898169
302,rodent.xml,4,3,0.013617992401123047,881.1871564130397
303,rodent.xml,4,3,0.013569355010986328,884.3456443054433
304,rodent.xml,4,4,0.01822042465209961,878.1354060349114
305,rodent.xml,4,5,0.02269768714904785,881.1470467747188
306,rodent.xml,4,6,0.0272216796875,881.6502242152467
307,rodent.xml,4,7,0.03172922134399414,882.4672908432395
308,rodent.xml,4,8,0.03620171546936035,883.9360120125658
309,rodent.xml,4,10,0.045362234115600586,881.7907843353673
310,rodent.xml,4,11,0.04979419708251953,883.6371018711815
311,rodent.xml,4,13,0.05889487266540527,882.9291523461378
312,rodent.xml,4,16,0.07255268096923828,882.1176439659819
313,rodent.xml,4,19,0.08569097518920898,886.9078666941188
314,rodent.xml,4,23,0.10399484634399414,884.6592233588424
315,rodent.xml,4,27,0.1220405101776123,884.9520527472528
316,rodent.xml,4,32,0.1446213722229004,885.0697378442628
317,rodent.xml,4,38,0.1720106601715088,883.6661625997103
318,rodent.xml,4,45,0.203934907913208,882.634571206444
319,rodent.xml,4,54,0.2437279224395752,886.2341164605402
320,rodent.xml,4,64,0.28925180435180664,885.0420158092993
321,rodent.xml,4,76,0.3436903953552246,884.5170074822655
322,rodent.xml,4,91,0.41104912757873535,885.5389187762643
323,rodent.xml,4,108,0.48854851722717285,884.2519929276992
324,rodent.xml,4,128,0.5790584087371826,884.1940506771599
325,rodent.xml,4,152,0.6868476867675781,885.2035345148373
326,rodent.xml,4,181,0.8180434703826904,885.0385416086804
327,rodent.xml,4,215,0.9729628562927246,883.8980793951926
328,rodent.xml,4,256,1.1565392017364502,885.4001649598619
329,rodent.xml,4,304,1.3733718395233154,885.4120675883833
330,rodent.xml,4,362,1.6369802951812744,884.5555467359201
331,rodent.xml,4,431,1.9467616081237793,885.5732478007571
332,rodent.xml,4,512,2.3145370483398438,884.8421767406904
333,rodent.xml,5,1,0.005077838897705078,984.6708611137196
334,rodent.xml,5,1,0.005034208297729492,993.2048306890836
335,rodent.xml,5,1,0.005051851272583008,989.7361838689886
336,rodent.xml,5,2,0.010003328323364258,999.6672784040803
337,rodent.xml,5,2,0.010006427764892578,999.3576364069573
338,rodent.xml,5,2,0.010009765625,999.0243902439024
339,rodent.xml,5,3,0.014954090118408203,1003.0700551640573
340,rodent.xml,5,3,0.015000581741333008,999.96121874851
341,rodent.xml,5,4,0.01993417739868164,1003.3019973687358
342,rodent.xml,5,5,0.024958133697509766,1001.6774612636366
343,rodent.xml,5,6,0.029851198196411133,1004.9847849526776
344,rodent.xml,5,7,0.034749746322631836,1007.2015972446159
345,rodent.xml,5,8,0.03973031044006348,1006.7880053528244
346,rodent.xml,5,10,0.04958033561706543,1008.4643312255055
347,rodent.xml,5,11,0.05472207069396973,1005.0789252399562
348,rodent.xml,5,13,0.06446623802185059,1008.279713452001
349,rodent.xml,5,16,0.07947969436645508,1006.5463970098572
350,rodent.xml,5,19,0.0943291187286377,1007.1121333518685
351,rodent.xml,5,23,0.11391830444335938,1009.4953621538358
352,rodent.xml,5,27,0.13373708724975586,1009.4432500080223
353,rodent.xml,5,32,0.15851879119873047,1009.3440581401645
354,rodent.xml,5,38,0.18845200538635254,1008.2142644779707
355,rodent.xml,5,45,0.22362661361694336,1006.1414263751682
356,rodent.xml,5,54,0.2675929069519043,1008.9953544565676
357,rodent.xml,5,64,0.31739139556884766,1008.2188883113137
358,rodent.xml,5,76,0.3781399726867676,1004.9188857237613
359,rodent.xml,5,91,0.45151543617248535,1007.7174854907585
360,rodent.xml,5,108,0.5355947017669678,1008.2250593937894
361,rodent.xml,5,128,0.6350889205932617,1007.732900460853
362,rodent.xml,5,152,0.7530677318572998,1009.2053713755641
363,rodent.xml,5,181,0.8975362777709961,1008.3157889144491
364,rodent.xml,5,215,1.06650710105896,1007.9632840068361
365,rodent.xml,5,256,1.2687435150146484,1008.8721517407887
366,rodent.xml,5,304,1.5061843395233154,1009.1726225762359
367,rodent.xml,5,362,1.7957019805908203,1007.9623565400732
368,rodent.xml,5,431,2.1353135108947754,1009.2194841669761
369,rodent.xml,5,512,2.5381712913513184,1008.6001715971896
370,rodent.xml,6,1,0.005369424819946289,1117.4381244172107
371,rodent.xml,6,1,0.0053119659423828125,1129.5253141831238
372,rodent.xml,6,1,0.005329608917236328,1125.78616802362
373,rodent.xml,6,2,0.010535240173339844,1139.0343079569113
374,rodent.xml,6,2,0.010558605194091797,1136.5137515241838
375,rodent.xml,6,2,0.010534286499023438,1139.1374253123302
376,rodent.xml,6,3,0.015939950942993164,1129.2381052096266
377,rodent.xml,6,3,0.015811443328857422,1138.4159956572876
378,rodent.xml,6,4,0.021111249923706055,1136.834630196393
379,rodent.xml,6,5,0.02633976936340332,1138.962136915376
380,rodent.xml,6,6,0.031679630279541016,1136.3768984150397
381,rodent.xml,6,7,0.036750078201293945,1142.8547109464712
382,rodent.xml,6,8,0.04210853576660156,1139.9114010055714
383,rodent.xml,6,10,0.052642107009887695,1139.7720077718448
384,rodent.xml,6,11,0.05799412727355957,1138.0462661103004
385,rodent.xml,6,13,0.06830620765686035,1141.9167111697504
386,rodent.xml,6,16,0.08420038223266602,1140.137342069645
387,rodent.xml,6,19,0.09987998008728027,1141.3698711231311
388,rodent.xml,6,23,0.12090873718261719,1141.3567225631398
389,rodent.xml,6,27,0.14212393760681152,1139.8502091053513
390,rodent.xml,6,32,0.1682758331298828,1140.9838027769906
391,rodent.xml,6,38,0.19968175888061523,1141.8168653868656
392,rodent.xml,6,45,0.2369856834411621,1139.3093290676968
393,rodent.xml,6,54,0.28367066383361816,1142.1695695330563
394,rodent.xml,6,64,0.33647584915161133,1141.2408972834628
395,rodent.xml,6,76,0.40022826194763184,1139.3498244750783
396,rodent.xml,6,91,0.478102445602417,1142.014656110012
397,rodent.xml,6,108,0.5674471855163574,1141.9564966391406
398,rodent.xml,6,128,0.6736676692962646,1140.0279915500146
399,rodent.xml,6,152,0.7990810871124268,1141.3109566835312
400,rodent.xml,6,181,0.9518685340881348,1140.913856387069
401,rodent.xml,6,215,1.1317055225372314,1139.8724971385486
402,rodent.xml,6,256,1.3443820476531982,1142.5323647257094
403,rodent.xml,6,304,1.5975801944732666,1141.7267228963024
404,rodent.xml,6,362,1.9023733139038086,1141.7317432522736
405,rodent.xml,6,431,2.2671945095062256,1140.616735422144
406,rodent.xml,6,512,2.6900455951690674,1141.9880783868005
407,rodent.xml,7,1,0.005614519119262695,1246.7675060512124
408,rodent.xml,7,1,0.005593776702880859,1251.3906742818174
409,rodent.xml,7,1,0.005565643310546875,1257.7162440027416
410,rodent.xml,7,2,0.01105046272277832,1266.915273252929
411,rodent.xml,7,2,0.011098861694335938,1261.3906169444922
412,rodent.xml,7,2,0.011057615280151367,1266.095776105565
413,rodent.xml,7,3,0.016564607620239258,1267.7632022108037
414,rodent.xml,7,3,0.0165555477142334,1268.4569766269676
415,rodent.xml,7,4,0.022032976150512695,1270.8224167595467
416,rodent.xml,7,5,0.02757740020751953,1269.1551682401355
417,rodent.xml,7,6,0.033106088638305664,1268.6488113670898
418,rodent.xml,7,7,0.03862786293029785,1268.5143904651982
419,rodent.xml,7,8,0.04407644271850586,1270.5199545626656
420,rodent.xml,7,10,0.0550997257232666,1270.4237467817659
421,rodent.xml,7,11,0.06064009666442871,1269.7868940761098
422,rodent.xml,7,13,0.07156038284301758,1271.653342040207
423,rodent.xml,7,16,0.08818888664245605,1270.0012922725884
424,rodent.xml,7,19,0.10468173027038574,1270.5177843017125
425,rodent.xml,7,23,0.1266787052154541,1270.9318407239207
426,rodent.xml,7,27,0.14864683151245117,1271.4700883763453
427,rodent.xml,7,32,0.1760261058807373,1272.5385185295547
428,rodent.xml,7,38,0.20906949043273926,1272.304244150708
429,rodent.xml,7,45,0.2480010986328125,1270.1556635698025
430,rodent.xml,7,54,0.2973344326019287,1271.2957483335485
431,rodent.xml,7,64,0.3522472381591797,1271.8339605477613
432,rodent.xml,7,76,0.418609619140625,1270.8738062258512
433,rodent.xml,7,91,0.5006904602050781,1272.2431334902822
434,rodent.xml,7,108,0.5948326587677002,1270.9456833896547
435,rodent.xml,7,128,0.7056534290313721,1269.7451229421652
436,rodent.xml,7,152,0.8366107940673828,1271.7980780849246
437,rodent.xml,7,181,0.9967224597930908,1271.1662986535048
438,rodent.xml,7,215,1.1843202114105225,1270.7711862888405
439,rodent.xml,7,256,1.4080536365509033,1272.6787911216168
440,rodent.xml,7,304,1.673875093460083,1271.3015495088055
441,rodent.xml,7,362,1.9949426651000977,1270.2119435963111
442,rodent.xml,7,431,2.370574712753296,1272.687160530754
443,rodent.xml,7,512,2.816831350326538,1272.3516441921624
444,rodent.xml,8,1,0.005838871002197266,1370.1278889342589
445,rodent.xml,8,1,0.005781412124633789,1383.7449791743988
446,rodent.xml,8,1,0.005766153335571289,1387.4067397146991
447,rodent.xml,8,2,0.01145482063293457,1396.7918409824124
448,rodent.xml,8,2,0.011424779891967773,1400.464617375154
449,rodent.xml,8,2,0.011496543884277344,1391.7226047283284
450,rodent.xml,8,3,0.017087697982788086,1404.5192058154623
451,rodent.xml,8,3,0.017135143280029297,1400.6302490608043
452,rodent.xml,8,4,0.02276325225830078,1405.7745192509112
453,rodent.xml,8,5,0.02857351303100586,1399.8978689317958
454,rodent.xml,8,6,0.03419327735900879,1403.7847117147896
455,rodent.xml,8,7,0.039926767349243164,1402.5678440271101
456,rodent.xml,8,8,0.04567599296569824,1401.1736985786542
457,rodent.xml,8,10,0.05706167221069336,1401.991860746906
458,rodent.xml,8,11,0.06256556510925293,1406.5244970829094
459,rodent.xml,8,13,0.07427430152893066,1400.2151196196824
460,rodent.xml,8,16,0.0910341739654541,1406.065375499247
461,rodent.xml,8,19,0.10806035995483398,1406.6212630008959
462,rodent.xml,8,23,0.13079166412353516,1406.8174851434612
463,rodent.xml,8,27,0.15387558937072754,1403.7314227898623
464,rodent.xml,8,32,0.18196606636047363,1406.8557128276082
465,rodent.xml,8,38,0.21619129180908203,1406.1620958741557
466,rodent.xml,8,45,0.2562711238861084,1404.7622476576432
467,rodent.xml,8,54,0.3069171905517578,1407.5457918253962
468,rodent.xml,8,64,0.36400485038757324,1406.5746636476115
469,rodent.xml,8,76,0.4326624870300293,1405.2524039547743
470,rodent.xml,8,91,0.5180015563964844,1405.4011826998844
471,rodent.xml,8,108,0.6145598888397217,1405.8841386983731
472,rodent.xml,8,128,0.7291195392608643,1404.4336283156904
473,rodent.xml,8,152,0.8644769191741943,1406.630961485477
474,rodent.xml,8,181,1.0301487445831299,1405.622253693045
475,rodent.xml,8,215,1.2246994972229004,1404.4261501700878
476,rodent.xml,8,256,1.4568934440612793,1405.730809173617
477,rodent.xml,8,304,1.7300050258636475,1405.7762628671583
478,rodent.xml,8,362,2.0598225593566895,1405.9463456427334
479,rodent.xml,8,431,2.4508719444274902,1406.8462482667298
480,rodent.xml,8,512,2.915097713470459,1405.0986974030666
481,rodent.xml,10,1,0.006021022796630859,1660.847390512394
482,rodent.xml,10,1,0.005993366241455078,1668.5114169782798
483,rodent.xml,10,1,0.006052494049072266,1652.2114551327504
484,rodent.xml,10,2,0.011939525604248047,1675.1084308478773
485,rodent.xml,10,2,0.012008428573608398,1665.4968530982587
486,rodent.xml,10,2,0.011988401412963867,1668.2791400672195
487,rodent.xml,10,3,0.017900466918945312,1675.933937133724
488,rodent.xml,10,3,0.018020153045654297,1664.8027308089227
489,rodent.xml,10,4,0.02380084991455078,1680.6122530752896
490,rodent.xml,10,5,0.02971649169921875,1682.5673940949937
491,rodent.xml,10,6,0.035651206970214844,1682.972474119252
492,rodent.xml,10,7,0.04163098335266113,1681.4399844226948
493,rodent.xml,10,8,0.04752469062805176,1683.335523972448
494,rodent.xml,10,10,0.05951237678527832,1680.3227396009022
495,rodent.xml,10,11,0.06538224220275879,1682.4140056083695
496,rodent.xml,10,13,0.0774228572845459,1679.0907047284709
497,rodent.xml,10,16,0.09512186050415039,1682.0528861819184
498,rodent.xml,10,19,0.11300325393676758,1681.367512711775
499,rodent.xml,10,23,0.13674306869506836,1681.9865328084081
500,rodent.xml,10,27,0.16060376167297363,1681.1561397284229
501,rodent.xml,10,32,0.19024372100830078,1682.0528861819184
502,rodent.xml,10,38,0.22573280334472656,1683.4061969260408
503,rodent.xml,10,45,0.2675516605377197,1681.9181727207351
504,rodent.xml,10,54,0.32082295417785645,1683.171334743826
505,rodent.xml,10,64,0.37996387481689453,1684.3706531533228
506,rodent.xml,10,76,0.4517533779144287,1682.3338510685348
507,rodent.xml,10,91,0.5409412384033203,1682.2529609427063
508,rodent.xml,10,108,0.6422336101531982,1681.6310808498126
509,rodent.xml,10,128,0.7622873783111572,1679.1567542884309
510,rodent.xml,10,152,0.9038686752319336,1681.6602252644352
511,rodent.xml,10,181,1.0766949653625488,1681.0703664714638
512,rodent.xml,10,215,1.279155969619751,1680.795814633239
513,rodent.xml,10,256,1.521432638168335,1682.6246103685567
514,rodent.xml,10,304,1.80806303024292,1681.3573139602133
515,rodent.xml,10,362,2.1528007984161377,1681.5304057223095
516,rodent.xml,10,431,2.5605292320251465,1683.2457704812768
517,rodent.xml,10,512,3.0429770946502686,1682.5627800489392
518,rodent.xml,11,1,0.006183147430419922,1779.0292280404103
519,rodent.xml,11,1,0.006150007247924805,1788.615778251599
520,rodent.xml,11,1,0.006124258041381836,1796.1359442519563
521,rodent.xml,11,2,0.012307405471801758,1787.5416594021813
522,rodent.xml,11,2,0.012278318405151367,1791.7763063360453
523,rodent.xml,11,2,0.012191534042358398,1804.530908379779
524,rodent.xml,11,3,0.018283605575561523,1804.8956407213739
525,rodent.xml,11,3,0.018286705017089844,1804.5897262059973
526,rodent.xml,11,4,0.024355173110961914,1806.597711276223
527,rodent.xml,11,5,0.03046417236328125,1805.3994490358127
528,rodent.xml,11,6,0.03649497032165527,1808.4683839525449
529,rodent.xml,11,7,0.04250192642211914,1811.6825866962854
530,rodent.xml,11,8,0.04855489730834961,1812.3815490979798
531,rodent.xml,11,10,0.060881853103637695,1806.7781184772691
532,rodent.xml,11,11,0.06672978401184082,1813.283255622845
533,rodent.xml,11,13,0.07879042625427246,1814.9413170898506
534,rodent.xml,11,16,0.09801864624023438,1795.5767269896867
535,rodent.xml,11,19,0.11537289619445801,1811.517322471787
536,rodent.xml,11,23,0.13971567153930664,1810.820484292077
537,rodent.xml,11,27,0.1639859676361084,1811.1305758737553
538,rodent.xml,11,32,0.19395971298217773,1814.8098622539414
539,rodent.xml,11,38,0.2305288314819336,1813.222221762567
540,rodent.xml,11,45,0.2734200954437256,1810.4009480235122
541,rodent.xml,11,54,0.32741236686706543,1814.2259123680974
542,rodent.xml,11,64,0.3882625102996826,1813.206223430157
543,rodent.xml,11,76,0.46234607696533203,1808.1693381875186
544,rodent.xml,11,91,0.5519275665283203,1813.6437835428121
545,rodent.xml,11,108,0.6553003787994385,1812.9090695422897
546,rodent.xml,11,128,0.7783634662628174,1808.9235441127237
547,rodent.xml,11,152,0.9213800430297852,1814.6692156495403
548,rodent.xml,11,181,1.0974102020263672,1814.2714513894803
549,rodent.xml,11,215,1.3040134906768799,1813.6315436218297
550,rodent.xml,11,256,1.5539395809173584,1812.1682686900813
551,rodent.xml,11,304,1.8447563648223877,1812.7054952982687
552,rodent.xml,11,362,2.1973679065704346,1812.1680889637407
553,rodent.xml,11,431,2.61164927482605,1815.3279790280326
554,rodent.xml,11,512,3.1048429012298584,1813.9404083115155
555,rodent.xml,13,1,0.0064089298248291016,2028.419776049998
556,rodent.xml,13,1,0.006371021270751953,2040.489184941247
557,rodent.xml,13,1,0.00640106201171875,2030.9129916567342
558,rodent.xml,13,2,0.012708902359008789,2045.8100365819341
559,rodent.xml,13,2,0.012685060501098633,2049.655182783573
560,rodent.xml,13,2,0.012738943099975586,2040.985645037525
561,rodent.xml,13,3,0.019017696380615234,2050.7215605646516
562,rodent.xml,13,3,0.01895618438720703,2057.3760627861348
563,rodent.xml,13,4,0.025290727615356445,2056.0895198770704
564,rodent.xml,13,5,0.031612396240234375,2056.1554241583203
565,rodent.xml,13,6,0.03789186477661133,2058.489347511483
566,rodent.xml,13,7,0.04420304298400879,2058.681797832806
567,rodent.xml,13,8,0.050643205642700195,2053.5824831813497
568,rodent.xml,13,10,0.06310653686523438,2060.008462793931
569,rodent.xml,13,11,0.06959962844848633,2054.608669439097
570,rodent.xml,13,13,0.0821983814239502,2056.0015546821746
571,rodent.xml,13,16,0.10114526748657227,2056.448167756474
572,rodent.xml,13,19,0.11995172500610352,2059.1617168275975
573,rodent.xml,13,23,0.145371675491333,2056.7968209035757
574,rodent.xml,13,27,0.17036819458007812,2060.24370255928
575,rodent.xml,13,32,0.20188546180725098,2060.5743290082655
576,rodent.xml,13,38,0.23985576629638672,2059.571081520594
577,rodent.xml,13,45,0.28371405601501465,2061.9352041163615
578,rodent.xml,13,54,0.3413827419281006,2056.3429657725633
579,rodent.xml,13,64,0.4038383960723877,2060.2300526442878
580,rodent.xml,13,76,0.47995471954345703,2058.527523054271
581,rodent.xml,13,91,0.5745017528533936,2059.1756145640315
582,rodent.xml,13,108,0.6823217868804932,2057.6801547242794
583,rodent.xml,13,128,0.8083798885345459,2058.4381472138634
584,rodent.xml,13,152,0.9593968391418457,2059.6273818949394
585,rodent.xml,13,181,1.1429674625396729,2058.6762765508965
586,rodent.xml,13,215,1.3600554466247559,2055.063274763055
587,rodent.xml,13,256,1.6164963245391846,2058.7736263172233
588,rodent.xml,13,304,1.9211437702178955,2057.1078860754733
589,rodent.xml,13,362,2.286409378051758,2058.2490804905497
590,rodent.xml,13,431,2.72161602973938,2058.7033360971714
591,rodent.xml,13,512,3.234320878982544,2057.9281552589337
592,rodent.xml,16,1,0.006783962249755859,2358.503690166585
593,rodent.xml,16,1,0.006758451461791992,2367.4062158253078
594,rodent.xml,16,1,0.0067522525787353516,2369.579605239928
595,rodent.xml,16,2,0.013398885726928711,2388.2582964109683
596,rodent.xml,16,2,0.013488054275512695,2372.469694023651
597,rodent.xml,16,2,0.013410329818725586,2386.220207299945
598,rodent.xml,16,3,0.02011728286743164,2386.00810637844
599,rodent.xml,16,3,0.020063400268554688,2392.416009126343
600,rodent.xml,16,4,0.026753902435302734,2392.174381093268
601,rodent.xml,16,5,0.0334014892578125,2395.1027866605755
602,rodent.xml,16,6,0.040052175521850586,2396.8735467971496
603,rodent.xml,16,7,0.04680776596069336,2392.765339282622
604,rodent.xml,16,8,0.05337333679199219,2398.2011935818177
605,rodent.xml,16,10,0.06684279441833496,2393.676108132787
606,rodent.xml,16,11,0.07346844673156738,2395.586239124579
607,rodent.xml,16,13,0.08679008483886719,2396.5871261235525
608,rodent.xml,16,16,0.1068415641784668,2396.071247818694
609,rodent.xml,16,19,0.12681341171264648,2397.2227849909946
610,rodent.xml,16,23,0.15364694595336914,2395.101300039414
611,rodent.xml,16,27,0.18026232719421387,2396.5073941077276
612,rodent.xml,16,32,0.21337175369262695,2399.567848786407
613,rodent.xml,16,38,0.2535393238067627,2398.0500968102
614,rodent.xml,16,45,0.3006706237792969,2394.6469759829483
615,rodent.xml,16,54,0.36028146743774414,2398.1250163784716
616,rodent.xml,16,64,0.4272172451019287,2396.906987581193
617,rodent.xml,16,76,0.5070104598999023,2398.372609985347
618,rodent.xml,16,91,0.607250452041626,2397.692739634542
619,rodent.xml,16,108,0.7209250926971436,2396.92031461294
620,rodent.xml,16,128,0.8556413650512695,2393.5261707190666
621,rodent.xml,16,152,1.0131502151489258,2400.433779350788
622,rodent.xml,16,181,1.2077443599700928,2397.8584342730555
623,rodent.xml,16,215,1.4365434646606445,2394.6369077058403
624,rodent.xml,16,256,1.7086467742919922,2397.218700569197
625,rodent.xml,16,304,2.028761863708496,2397.5214080122746
626,rodent.xml,16,362,2.418436288833618,2394.9359454879045
627,rodent.xml,16,431,2.8755478858947754,2398.1516822677404
628,rodent.xml,16,512,3.4191079139709473,2395.946605407322
629,rodent.xml,19,1,0.007081270217895508,2683.134439917848
630,rodent.xml,19,1,0.006984233856201172,2720.412917320953
631,rodent.xml,19,1,0.007019758224487305,2706.6459260265597
632,rodent.xml,19,2,0.013842344284057617,2745.1997450868944
633,rodent.xml,19,2,0.013991832733154297,2715.8700882663666
634,rodent.xml,19,2,0.013820171356201172,2749.6041127557532
635,rodent.xml,19,3,0.02080535888671875,2739.678767876788
636,rodent.xml,19,3,0.020915746688842773,2725.219464930979
637,rodent.xml,19,4,0.027700424194335938,2743.640294704951
638,rodent.xml,19,5,0.034584999084472656,2746.8556459396113
639,rodent.xml,19,6,0.04155397415161133,2743.4199093464913
640,rodent.xml,19,7,0.048490047454833984,2742.8308896559183
641,rodent.xml,19,8,0.05524468421936035,2751.395942394255
642,rodent.xml,19,10,0.06903433799743652,2752.2535235588894
643,rodent.xml,19,11,0.07597517967224121,2750.8983973664967
644,rodent.xml,19,13,0.08981013298034668,2750.246456644836
645,rodent.xml,19,16,0.11043310165405273,2752.797806515685
646,rodent.xml,19,19,0.13113689422607422,2752.848480440996
647,rodent.xml,19,23,0.15893268585205078,2749.591738522559
648,rodent.xml,19,27,0.1867656707763672,2746.7574628008865
649,rodent.xml,19,32,0.22060704231262207,2756.0316915830986
650,rodent.xml,19,38,0.26251864433288574,2750.280848945992
651,rodent.xml,19,45,0.31108593940734863,2748.4366591073344
652,rodent.xml,19,54,0.3725128173828125,2754.267644287879
653,rodent.xml,19,64,0.4418022632598877,2752.362541168547
654,rodent.xml,19,76,0.5244743824005127,2753.2326619859487
655,rodent.xml,19,91,0.6278011798858643,2754.0566271543744
656,rodent.xml,19,108,0.7454192638397217,2752.813214713507
657,rodent.xml,19,128,0.8855698108673096,2746.2544117421385
658,rodent.xml,19,152,1.0490493774414062,2752.968603864699
659,rodent.xml,19,181,1.2503137588500977,2750.5096026159204
660,rodent.xml,19,215,1.486435890197754,2748.18445042829
661,rodent.xml,19,256,1.7691121101379395,2749.4017886863876
662,rodent.xml,19,304,2.1032354831695557,2746.2450335307312
663,rodent.xml,19,362,2.5035438537597656,2747.3055803159887
664,rodent.xml,19,431,2.97737979888916,2750.4049040217374
665,rodent.xml,19,512,3.5373785495758057,2750.0590800966324
666,rodent.xml,23,1,0.007353544235229492,3127.7434750186426
667,rodent.xml,23,1,0.007258415222167969,3168.7357771646302
668,rodent.xml,23,1,0.0072934627532958984,3153.508940538067
669,rodent.xml,23,2,0.014513492584228516,3169.464533298288
670,rodent.xml,23,2,0.014566421508789062,3157.947885295273
671,rodent.xml,23,2,0.014486074447631836,3175.463453973897
672,rodent.xml,23,3,0.02166152000427246,3185.372032359254
673,rodent.xml,23,3,0.021762371063232422,3170.6103990008546
674,rodent.xml,23,4,0.02885746955871582,3188.0827185075636
675,rodent.xml,23,5,0.03622889518737793,3174.2618538383076
676,rodent.xml,23,6,0.04340529441833496,3179.3356513141634
677,rodent.xml,23,7,0.05067920684814453,3176.8452983572006
678,rodent.xml,23,8,0.057823896408081055,3182.0754295327197
679,rodent.xml,23,10,0.07223844528198242,3183.9001947258985
680,rodent.xml,23,11,0.07929825782775879,3190.486234256662
681,rodent.xml,23,13,0.09374666213989258,3189.4468898937444
682,rodent.xml,23,16,0.11553096771240234,3185.293149418456
683,rodent.xml,23,19,0.13699889183044434,3189.8068236993463
684,rodent.xml,23,23,0.16589903831481934,3188.6863563135303
685,rodent.xml,23,27,0.1953907012939453,3178.247459513281
686,rodent.xml,23,32,0.23056864738464355,3192.107896491999
687,rodent.xml,23,38,0.2736928462982178,3193.360775851931
688,rodent.xml,23,45,0.3251173496246338,3183.4659122158982
689,rodent.xml,23,54,0.38878607749938965,3194.558838084807
690,rodent.xml,23,64,0.46172237396240234,3188.062963827401
691,rodent.xml,23,76,0.5486698150634766,3185.886943311745
692,rodent.xml,23,91,0.6551148891448975,3194.8594585171654
693,rodent.xml,23,108,0.7778089046478271,3193.586477548357
694,rodent.xml,23,128,0.9222671985626221,3192.1334777907123
695,rodent.xml,23,152,1.0939526557922363,3195.750731523395
696,rodent.xml,23,181,1.3038194179534912,3192.926829188012
697,rodent.xml,23,215,1.5501701831817627,3189.9723357149505
698,rodent.xml,23,256,1.8432934284210205,3194.282532132557
699,rodent.xml,23,304,2.1912670135498047,3190.8480147625246
700,rodent.xml,23,362,2.608492136001587,3191.882346543112
701,rodent.xml,23,431,3.102283000946045,3195.3886853575314
702,rodent.xml,23,512,3.6890134811401367,3192.1813406766073
703,rodent.xml,27,1,0.00760960578918457,3548.1470062975845
704,rodent.xml,27,1,0.007559061050415039,3571.8721968143827
705,rodent.xml,27,1,0.007628917694091797,3539.165197824864
706,rodent.xml,27,2,0.015102148056030273,3575.6502849565068
707,rodent.xml,27,2,0.015068292617797852,3583.6840556320312
708,rodent.xml,27,2,0.015129327774047852,3569.226657421561
709,rodent.xml,27,3,0.02254319190979004,3593.1025350861423
710,rodent.xml,27,3,0.02267765998840332,3571.7970920024813
711,rodent.xml,27,4,0.030165672302246094,3580.2285100060067
712,rodent.xml,27,5,0.03765225410461426,3585.442710147222
713,rodent.xml,27,6,0.0450897216796875,3592.8365482233503
714,rodent.xml,27,7,0.0526585578918457,3589.16019668034
715,rodent.xml,27,8,0.06004667282104492,3597.2018073963486
716,rodent.xml,27,10,0.07509851455688477,3595.277504397021
717,rodent.xml,27,11,0.08271265029907227,3590.7445708257187
718,rodent.xml,27,13,0.09755063056945801,3598.1315338610852
719,rodent.xml,27,16,0.12017011642456055,3594.903731920719
720,rodent.xml,27,19,0.14277100563049316,3593.166537803198
721,rodent.xml,27,23,0.17306756973266602,3588.193911541291
722,rodent.xml,27,27,0.20280981063842773,3594.500668903398
723,rodent.xml,27,32,0.2405259609222412,3592.1278380395684
724,rodent.xml,27,38,0.28539085388183594,3595.069659887587
725,rodent.xml,27,45,0.33782267570495605,3596.561413364518
726,rodent.xml,27,54,0.40584874153137207,3592.4714081866796
727,rodent.xml,27,64,0.48019838333129883,3598.5127396978696
728,rodent.xml,27,76,0.5717313289642334,3589.098403471204
729,rodent.xml,27,91,0.6831696033477783,3596.4714881338555
730,rodent.xml,27,108,0.8117077350616455,3592.4260346965193
731,rodent.xml,27,128,0.9632980823516846,3587.674535345198
732,rodent.xml,27,152,1.1416490077972412,3594.800128560071
733,rodent.xml,27,181,1.3608980178833008,3591.01118216124
734,rodent.xml,27,215,1.6164519786834717,3591.1985487672296
735,rodent.xml,27,256,1.9238784313201904,3592.7426013383265
736,rodent.xml,27,304,2.286073923110962,3590.435076058386
737,rodent.xml,27,362,2.7224724292755127,3590.1190017196964
738,rodent.xml,27,431,3.240675687789917,3590.9177965093527
739,rodent.xml,27,512,3.848367214202881,3592.172791874122
740,rodent.xml,32,1,0.008087396621704102,3956.7739158633294
741,rodent.xml,32,1,0.008035898208618164,3982.1310784750035
742,rodent.xml,32,1,0.008002281188964844,3998.8597306638067
743,rodent.xml,32,2,0.01681661605834961,3805.7597187172146
744,rodent.xml,32,2,0.015926599502563477,4018.4346940914056
745,rodent.xml,32,2,0.015885114669799805,4028.9290527864077
746,rodent.xml,32,3,0.023820161819458008,4030.199321382458
747,rodent.xml,32,3,0.023993492126464844,4001.08493978298
748,rodent.xml,32,4,0.03170156478881836,4037.6555811260023
749,rodent.xml,32,5,0.03962230682373047,4038.12934748598
750,rodent.xml,32,6,0.047868967056274414,4010.949301961878
751,rodent.xml,32,7,0.05552387237548828,4034.3007505882756
752,rodent.xml,32,8,0.06361794471740723,4024.021856367091
753,rodent.xml,32,10,0.07944083213806152,4028.1551865401757
754,rodent.xml,32,11,0.08710122108459473,4041.2751465117744
755,rodent.xml,32,13,0.10291004180908203,4042.365474612868
756,rodent.xml,32,16,0.1270279884338379,4030.607792129791
757,rodent.xml,32,19,0.15067672729492188,4035.128788070584
758,rodent.xml,32,23,0.18235135078430176,4036.1642336863933
759,rodent.xml,32,27,0.21486282348632812,4021.170279627164
760,rodent.xml,32,32,0.2538175582885742,4034.3938650445057
761,rodent.xml,32,38,0.3009049892425537,4041.1426977696465
762,rodent.xml,32,45,0.3578970432281494,4023.5034830450945
763,rodent.xml,32,54,0.4277613162994385,4039.635970239014
764,rodent.xml,32,64,0.5071983337402344,4037.8681548447266
765,rodent.xml,32,76,0.603886604309082,4027.246146290158
766,rodent.xml,32,91,0.7203621864318848,4042.4109633291387
767,rodent.xml,32,108,0.8552238941192627,4041.0470565244214
768,rodent.xml,32,128,1.0142207145690918,4038.568667708835
769,rodent.xml,32,152,1.2030525207519531,4043.04875813719
770,rodent.xml,32,181,1.4337356090545654,4039.7964334716935
771,rodent.xml,32,215,1.7041239738464355,4037.2649558300154
772,rodent.xml,32,256,2.025974750518799,4043.4857334239946
773,rodent.xml,32,304,2.407097816467285,4041.3812573171817
774,rodent.xml,32,362,2.8683838844299316,4038.51104549844
775,rodent.xml,32,431,3.4150803089141846,4038.5580286353875
776,rodent.xml,32,512,4.056758880615234,4038.692089463118
777,rodent.xml,38,1,0.008563041687011719,4437.675464973828
778,rodent.xml,38,1,0.008496284484863281,4472.543270849703
779,rodent.xml,38,1,0.008491754531860352,4474.929163040121
780,rodent.xml,38,2,0.016906023025512695,4495.439281332412
781,rodent.xml,38,2,0.017028331756591797,4463.150065806054
782,rodent.xml,38,2,0.016872406005859375,4504.396111236717
783,rodent.xml,38,3,0.025383710861206055,4491.069120009017
784,rodent.xml,38,3,0.02550649642944336,4469.449589650595
785,rodent.xml,38,4,0.03371787071228027,4507.995220013718
786,rodent.xml,38,5,0.04218649864196777,4503.810605675274
787,rodent.xml,38,6,0.05077767372131348,4490.162374340891
788,rodent.xml,38,7,0.05889773368835449,4516.302807294513
789,rodent.xml,38,8,0.06722211837768555,4522.321035644618
790,rodent.xml,38,10,0.08436703681945801,4504.128796335284
791,rodent.xml,38,11,0.09233808517456055,4526.842842904874
792,rodent.xml,38,13,0.1094048023223877,4515.341095762045
793,rodent.xml,38,16,0.13536906242370605,4491.425065034106
794,rodent.xml,38,19,0.15951228141784668,4526.297245468528
795,rodent.xml,38,23,0.1932978630065918,4521.519205673759
796,rodent.xml,38,27,0.22789955139160156,4501.983412143783
797,rodent.xml,38,32,0.26862335205078125,4526.78440171547
798,rodent.xml,38,38,0.3194408416748047,4520.398808208791
799,rodent.xml,38,45,0.379410982131958,4506.98604028617
800,rodent.xml,38,54,0.45327067375183105,4527.0963219726955
801,rodent.xml,38,64,0.5379858016967773,4520.565398435437
802,rodent.xml,38,76,0.640211820602417,4511.006993408046
803,rodent.xml,38,91,0.7641811370849609,4525.105151366151
804,rodent.xml,38,108,0.9075262546539307,4522.183219443044
805,rodent.xml,38,128,1.077530860900879,4514.023845157819
806,rodent.xml,38,152,1.2765414714813232,4524.7256975501305
807,rodent.xml,38,181,1.5218579769134521,4519.47560438562
808,rodent.xml,38,215,1.8070707321166992,4521.129059751927
809,rodent.xml,38,256,2.149977207183838,4524.699130528126
810,rodent.xml,38,304,2.554389238357544,4522.4117869474985
811,rodent.xml,38,362,3.0440449714660645,4518.987113838491
812,rodent.xml,38,431,3.618556261062622,4526.114510429209
813,rodent.xml,38,512,4.30461573600769,4519.799488082632
814,rodent.xml,45,1,0.009086370468139648,4952.472514497127
815,rodent.xml,45,1,0.00908517837524414,4953.12234293812
816,rodent.xml,45,1,0.009016275405883789,4990.9744294893835
817,rodent.xml,45,2,0.01806926727294922,4980.83284952763
818,rodent.xml,45,2,0.018151283264160156,4958.327116061577
819,rodent.xml,45,2,0.018053054809570312,4985.3058637084
820,rodent.xml,45,3,0.02696681022644043,5006.153818950198
821,rodent.xml,45,3,0.027013063430786133,4997.582016045754
822,rodent.xml,45,4,0.03585410118103027,5020.34618274672
823,rodent.xml,45,5,0.04502725601196289,4996.973387412765
824,rodent.xml,45,6,0.05420088768005371,4981.46822970506
825,rodent.xml,45,7,0.06292986869812012,5005.572179263261
826,rodent.xml,45,8,0.07230567932128906,4978.8620116595
827,rodent.xml,45,10,0.09018254280090332,4989.879260706459
828,rodent.xml,45,11,0.09883475303649902,5008.359760024895
829,rodent.xml,45,13,0.11673521995544434,5011.341052197303
830,rodent.xml,45,16,0.1444864273071289,4983.16702419062
831,rodent.xml,45,19,0.1701493263244629,5024.997856115955
832,rodent.xml,45,23,0.20651006698608398,5011.862206551631
833,rodent.xml,45,27,0.24311590194702148,4997.616323200307
834,rodent.xml,45,32,0.28696274757385254,5018.07294561606
835,rodent.xml,45,38,0.34092044830322266,5015.83289741273
836,rodent.xml,45,45,0.40506649017333984,4999.179268404659
837,rodent.xml,45,54,0.48398327827453613,5020.834621938321
838,rodent.xml,45,64,0.5737283229827881,5019.797497580402
839,rodent.xml,45,76,0.6824367046356201,5011.453775520578
840,rodent.xml,45,91,0.8151895999908447,5023.371250131246
841,rodent.xml,45,108,0.9686594009399414,5017.24341423217
842,rodent.xml,45,128,1.149275541305542,5011.85293951076
843,rodent.xml,45,152,1.3614344596862793,5024.112583117786
844,rodent.xml,45,181,1.6243059635162354,5014.449360493645
845,rodent.xml,45,215,1.9297511577606201,5013.599790362274
846,rodent.xml,45,256,2.297969341278076,5013.121712752202
847,rodent.xml,45,304,2.724940776824951,5020.292593639291
848,rodent.xml,45,362,3.248002290725708,5015.390551451948
849,rodent.xml,45,431,3.860635757446289,5023.783961641927
850,rodent.xml,45,512,4.591540336608887,5017.923901549855
851,rodent.xml,54,1,0.009807348251342773,5506.075507475386
852,rodent.xml,54,1,0.009822845458984375,5497.3887378640775
853,rodent.xml,54,1,0.009769439697265625,5527.440843420539
854,rodent.xml,54,2,0.019568443298339844,5519.090014133242
855,rodent.xml,54,2,0.01952338218688965,5531.8283976699595
856,rodent.xml,54,2,0.01949000358581543,5541.302212925245
857,rodent.xml,54,3,0.029079914093017578,5570.855521849635
858,rodent.xml,54,3,0.02924633026123047,5539.1564874294845
859,rodent.xml,54,4,0.03890824317932129,5551.52282267009
860,rodent.xml,54,5,0.048574209213256836,5558.505313274597
861,rodent.xml,54,6,0.058725833892822266,5517.163035799833
862,rodent.xml,54,7,0.06778693199157715,5576.296033680479
863,rodent.xml,54,8,0.07764697074890137,5563.642674445383
864,rodent.xml,54,10,0.09761571884155273,5531.895952910143
865,rodent.xml,54,11,0.10657382011413574,5573.601465761974
866,rodent.xml,54,13,0.12602448463439941,5570.34612786969
867,rodent.xml,54,16,0.15587782859802246,5542.802384219003
868,rodent.xml,54,19,0.18401861190795898,5575.522983040307
869,rodent.xml,54,23,0.2232074737548828,5564.329809869686
870,rodent.xml,54,27,0.2627909183502197,5548.136933929098
871,rodent.xml,54,32,0.30999159812927246,5574.344628783748
872,rodent.xml,54,38,0.3688011169433594,5563.97447222251
873,rodent.xml,54,45,0.4383585453033447,5543.407391131012
874,rodent.xml,54,54,0.5232720375061035,5572.627220628023
875,rodent.xml,54,64,0.620999813079834,5565.219066427813
876,rodent.xml,54,76,0.7376532554626465,5563.589626437729
877,rodent.xml,54,91,0.8818995952606201,5572.062881543571
878,rodent.xml,54,108,1.0472266674041748,5568.994928725542
879,rodent.xml,54,128,1.2422168254852295,5564.245998117168
880,rodent.xml,54,152,1.4720466136932373,5575.910384662915
881,rodent.xml,54,181,1.7533612251281738,5574.436037437467
882,rodent.xml,54,215,2.0859460830688477,5565.8197947855615
883,rodent.xml,54,256,2.4794352054595947,5575.463302916822
884,rodent.xml,54,304,2.9445788860321045,5574.990732247279
885,rodent.xml,54,362,3.5108084678649902,5567.948288528432
886,rodent.xml,54,431,4.174816131591797,5574.8562969948
887,rodent.xml,54,512,4.964382648468018,5569.272547621209
888,rodent.xml,64,1,0.010673046112060547,5996.413706831077
889,rodent.xml,64,1,0.010707378387451172,5977.186729013582
890,rodent.xml,64,1,0.010593652725219727,6041.3534085026895
891,rodent.xml,64,2,0.021131515502929688,6057.30336672985
892,rodent.xml,64,2,0.021208763122558594,6035.241152929538
893,rodent.xml,64,2,0.0210726261138916,6074.231057306104
894,rodent.xml,64,3,0.03155231475830078,6085.131993350461
895,rodent.xml,64,3,0.03161144256591797,6073.750022626482
896,rodent.xml,64,4,0.042040348052978516,6089.388215278172
897,rodent.xml,64,5,0.05250287055969238,6094.9048421301195
898,rodent.xml,64,6,0.06320452690124512,6075.514189038812
899,rodent.xml,64,7,0.07348322868347168,6096.629231273381
900,rodent.xml,64,8,0.08388495445251465,6103.597520456799
901,rodent.xml,64,10,0.10547637939453125,6067.7092224231465
902,rodent.xml,64,11,0.11529541015625,6106.053996823716
903,rodent.xml,64,13,0.13631105422973633,6103.686929144876
904,rodent.xml,64,16,0.1684894561767578,6077.531634535925
905,rodent.xml,64,19,0.19909310340881348,6107.695239965655
906,rodent.xml,64,23,0.24147272109985352,6095.926667390725
907,rodent.xml,64,27,0.2843770980834961,6076.438685272191
908,rodent.xml,64,32,0.3351607322692871,6110.501030754763
909,rodent.xml,64,38,0.39876604080200195,6098.81421975838
910,rodent.xml,64,45,0.47269105911254883,6092.774433701031
911,rodent.xml,64,54,0.5658252239227295,6107.893133572921
912,rodent.xml,64,64,0.6710600852966309,6103.775339565058
913,rodent.xml,64,76,0.7978487014770508,6096.393954136061
914,rodent.xml,64,91,0.9529082775115967,6111.815940153929
915,rodent.xml,64,108,1.1330387592315674,6100.409137537143
916,rodent.xml,64,128,1.3432502746582031,6098.640107916223
917,rodent.xml,64,152,1.5925047397613525,6108.616041832193
918,rodent.xml,64,181,1.8980214595794678,6103.197591120277
919,rodent.xml,64,215,2.254765272140503,6102.6308015367385
920,rodent.xml,64,256,2.6799845695495605,6113.468034912509
921,rodent.xml,64,304,3.1860435009002686,6106.633507829504
922,rodent.xml,64,362,3.796407699584961,6102.611161212433
923,rodent.xml,64,431,4.514453172683716,6110.153089394454
924,rodent.xml,64,512,5.369269132614136,6102.879030771595
925,rodent.xml,76,1,0.011543750762939453,6583.648725680532
926,rodent.xml,76,1,0.011478662490844727,6620.980454875896
927,rodent.xml,76,1,0.011454105377197266,6635.17555472295
928,rodent.xml,76,2,0.022852659225463867,6651.304712522561
929,rodent.xml,76,2,0.022886276245117188,6641.534794566214
930,rodent.xml,76,2,0.022835969924926758,6656.165711362379
931,rodent.xml,76,3,0.034261226654052734,6654.752974906403
932,rodent.xml,76,3,0.03421473503112793,6663.79557791606
933,rodent.xml,76,4,0.04597163200378418,6612.773720432115
934,rodent.xml,76,5,0.05707120895385742,6658.348525737966
935,rodent.xml,76,6,0.06844687461853027,6662.101119172934
936,rodent.xml,76,7,0.0797872543334961,6667.73163764149
937,rodent.xml,76,8,0.09126091003417969,6662.2171505005535
938,rodent.xml,76,10,0.11395549774169922,6669.270154237558
939,rodent.xml,76,11,0.1254866123199463,6662.065255762081
940,rodent.xml,76,13,0.14816641807556152,6668.177666926809
941,rodent.xml,76,16,0.18233752250671387,6668.95098322522
942,rodent.xml,76,19,0.21624016761779785,6677.760269554796
943,rodent.xml,76,23,0.2619297504425049,6673.545090036255
944,rodent.xml,76,27,0.3074347972869873,6674.586019891816
945,rodent.xml,76,32,0.3642919063568115,6675.964954373537
946,rodent.xml,76,38,0.43275952339172363,6673.452215136698
947,rodent.xml,76,45,0.5126516819000244,6671.1962932113365
948,rodent.xml,76,54,0.6150760650634766,6672.345475801375
949,rodent.xml,76,64,0.728696346282959,6674.933976012098
950,rodent.xml,76,76,0.8656115531921387,6672.739034847319
951,rodent.xml,76,91,1.0359687805175781,6675.8768507915
952,rodent.xml,76,108,1.2293944358825684,6676.457742471862
953,rodent.xml,76,128,1.457500696182251,6674.439350513749
954,rodent.xml,76,152,1.7309839725494385,6673.660867573437
955,rodent.xml,76,181,2.068234443664551,6651.083508515005
956,rodent.xml,76,215,2.4510350227355957,6666.571406949117
957,rodent.xml,76,256,2.919551134109497,6664.038102533301
958,rodent.xml,76,304,3.4662039279937744,6665.50511163159
959,rodent.xml,76,362,4.131535053253174,6659.026159862066
960,rodent.xml,76,431,4.917978763580322,6660.459830077308
961,rodent.xml,76,512,5.84207010269165,6660.652699472375
962,rodent.xml,91,1,0.012638568878173828,7200.182305225429
963,rodent.xml,91,1,0.01257181167602539,7238.415778494215
964,rodent.xml,91,1,0.012588024139404297,7229.093223228153
965,rodent.xml,91,2,0.02499699592590332,7280.87489150651
966,rodent.xml,91,2,0.02503180503845215,7270.750140488232
967,rodent.xml,91,2,0.024959087371826172,7291.93328620828
968,rodent.xml,91,3,0.03737020492553711,7305.285067180462
969,rodent.xml,91,3,0.037534475326538086,7273.3133372715665
970,rodent.xml,91,4,0.04993772506713867,7289.078537530913
971,rodent.xml,91,5,0.062417030334472656,7289.677153203257
972,rodent.xml,91,6,0.0749518871307373,7284.6731536942025
973,rodent.xml,91,7,0.08727407455444336,7298.845656651751
974,rodent.xml,91,8,0.09976530075073242,7297.126300645723
975,rodent.xml,91,10,0.12479424476623535,7292.002942159813
976,rodent.xml,91,11,0.13714241981506348,7298.981608679855
977,rodent.xml,91,13,0.16208910942077637,7298.4545613671235
978,rodent.xml,91,16,0.19939017295837402,7302.265595125212
979,rodent.xml,91,19,0.23680353164672852,7301.411376665532
980,rodent.xml,91,23,0.2868199348449707,7297.261262998645
981,rodent.xml,91,27,0.3365652561187744,7300.218769856983
982,rodent.xml,91,32,0.39865851402282715,7304.497201414992
983,rodent.xml,91,38,0.47355031967163086,7302.2862752956125
984,rodent.xml,91,45,0.5608692169189453,7301.167324702354
985,rodent.xml,91,54,0.6732168197631836,7299.282869564355
986,rodent.xml,91,64,0.7975528240203857,7302.337631558729
987,rodent.xml,91,76,0.9487819671630859,7289.345960778795
988,rodent.xml,91,91,1.1336820125579834,7304.517411646292
989,rodent.xml,91,108,1.3459630012512207,7301.8351848184475
990,rodent.xml,91,128,1.5976035594940186,7290.9201602486855
991,rodent.xml,91,152,1.8938202857971191,7303.75532659269
992,rodent.xml,91,181,2.2557530403137207,7301.774487560608
993,rodent.xml,91,215,2.6838953495025635,7289.7775256498735
994,rodent.xml,91,256,3.1901462078094482,7302.486620510248
995,rodent.xml,91,304,3.7951292991638184,7289.343213179908
996,rodent.xml,91,362,4.517605543136597,7291.915968636828
997,rodent.xml,91,431,5.381586790084839,7287.999158958411
998,rodent.xml,91,512,6.396071672439575,7284.471217038284
999,rodent.xml,108,1,0.013822793960571289,7813.181640995567
1000,rodent.xml,108,1,0.013734817504882812,7863.22788501597
1001,rodent.xml,108,1,0.013715028762817383,7874.57335071708
1002,rodent.xml,108,2,0.027355194091796875,7896.12383210152
1003,rodent.xml,108,2,0.027465343475341797,7864.4565357037445
1004,rodent.xml,108,2,0.02740311622619629,7882.315216161897
1005,rodent.xml,108,3,0.04107928276062012,7887.187366148381
1006,rodent.xml,108,3,0.041053056716918945,7892.225961007962
1007,rodent.xml,108,4,0.05468177795410156,7900.255188531166
1008,rodent.xml,108,5,0.06840848922729492,7893.757135986282
1009,rodent.xml,108,6,0.08195233345031738,7907.035379204208
1010,rodent.xml,108,7,0.09570860862731934,7898.975973454965
1011,rodent.xml,108,8,0.10935688018798828,7900.737461737697
1012,rodent.xml,108,10,0.13676691055297852,7896.646898239668
1013,rodent.xml,108,11,0.15033411979675293,7902.397683281341
1014,rodent.xml,108,13,0.17779779434204102,7896.610895515583
1015,rodent.xml,108,16,0.21880030632019043,7897.612343701476
1016,rodent.xml,108,19,0.2596108913421631,7904.1368002373065
1017,rodent.xml,108,23,0.3143458366394043,7902.124699839662
1018,rodent.xml,108,27,0.36893773078918457,7903.772795919963
1019,rodent.xml,108,32,0.4371986389160156,7904.873648666335
1020,rodent.xml,108,38,0.518958330154419,7908.14938605732
1021,rodent.xml,108,45,0.6146159172058105,7907.377378208346
1022,rodent.xml,108,54,0.7373349666595459,7909.566565683904
1023,rodent.xml,108,64,0.8778591156005859,7873.7007763155325
1024,rodent.xml,108,76,1.0388376712799072,7901.138192155928
1025,rodent.xml,108,91,1.2430088520050049,7906.621086524996
1026,rodent.xml,108,108,1.4771747589111328,7896.154418856889
1027,rodent.xml,108,128,1.750549554824829,7896.948682143029
1028,rodent.xml,108,152,2.076550245285034,7905.4191138759015
1029,rodent.xml,108,181,2.4747538566589355,7898.9673851406615
1030,rodent.xml,108,215,2.9426777362823486,7890.772310438295
1031,rodent.xml,108,256,3.497624158859253,7904.794438810535
1032,rodent.xml,108,304,4.158089637756348,7895.933676339822
1033,rodent.xml,108,362,4.951563358306885,7895.688123309869
1034,rodent.xml,108,431,5.903400182723999,7884.947413224731
1035,rodent.xml,108,512,7.007535457611084,7890.934028730663
1036,rodent.xml,128,1,0.01516866683959961,8438.447581025432
1037,rodent.xml,128,1,0.015141487121582031,8453.595011652076
1038,rodent.xml,128,1,0.015196561813354492,8422.957875084328
1039,rodent.xml,128,2,0.030182361602783203,8481.774997235256
1040,rodent.xml,128,2,0.03009343147277832,8506.839781019007
1041,rodent.xml,128,2,0.030118703842163086,8499.701758135632
1042,rodent.xml,128,3,0.04523968696594238,8488.122393266895
1043,rodent.xml,128,3,0.04514622688293457,8505.69419667612
1044,rodent.xml,128,4,0.06014227867126465,8513.146014945194
1045,rodent.xml,128,5,0.07528877258300781,8500.603450459808
1046,rodent.xml,128,6,0.09019064903259277,8515.29519121725
1047,rodent.xml,128,7,0.10525131225585938,8512.957993548622
1048,rodent.xml,128,8,0.12017679214477539,8520.779941990802
1049,rodent.xml,128,10,0.15041255950927734,8509.92765614796
1050,rodent.xml,128,11,0.1655900478363037,8502.926464469034
1051,rodent.xml,128,13,0.1954362392425537,8514.285817456957
1052,rodent.xml,128,16,0.24051761627197266,8514.96880662646
1053,rodent.xml,128,19,0.28550028800964355,8518.380198333994
1054,rodent.xml,128,23,0.3459436893463135,8510.055510950087
1055,rodent.xml,128,27,0.4055664539337158,8521.414842078717
1056,rodent.xml,128,32,0.4810905456542969,8513.989802957618
1057,rodent.xml,128,38,0.5712606906890869,8514.50148641029
1058,rodent.xml,128,45,0.676215410232544,8517.995764129646
1059,rodent.xml,128,54,0.811983585357666,8512.48735152124
1060,rodent.xml,128,64,0.9611935615539551,8522.737071559292
1061,rodent.xml,128,76,1.1416335105895996,8521.123381334479
1062,rodent.xml,128,91,1.36916184425354,8507.394541330086
1063,rodent.xml,128,108,1.6215596199035645,8525.125953014372
1064,rodent.xml,128,128,1.9241275787353516,8515.027891637266
1065,rodent.xml,128,152,2.2805726528167725,8531.19060950309
1066,rodent.xml,128,181,2.7179064750671387,8524.207956577202
1067,rodent.xml,128,215,3.233553409576416,8510.760922797012
1068,rodent.xml,128,256,3.8508219718933105,8509.352091363797
1069,rodent.xml,128,304,4.5718793869018555,8511.160664360572
1070,rodent.xml,128,362,5.442201137542725,8514.20203497325
1071,rodent.xml,128,431,6.483521938323975,8508.955552984715
1072,rodent.xml,128,512,7.696624279022217,8514.901809436607
1073,rodent.xml,152,1,0.01684856414794922,9021.540272825041
1074,rodent.xml,152,1,0.016809463500976562,9042.525360263247
1075,rodent.xml,152,1,0.016794204711914062,9050.741169789892
1076,rodent.xml,152,2,0.03354239463806152,9063.157335077158
1077,rodent.xml,152,2,0.03359627723693848,9048.62160340068
1078,rodent.xml,152,2,0.03351426124572754,9070.765360783673
1079,rodent.xml,152,3,0.050189971923828125,9085.480276658813
1080,rodent.xml,152,3,0.05040717124938965,9046.33187496157
1081,rodent.xml,152,4,0.06688714027404785,9089.938626601794
1082,rodent.xml,152,5,0.08354878425598145,9096.481855097609
1083,rodent.xml,152,6,0.10023927688598633,9098.230038484042
1084,rodent.xml,152,7,0.11710453033447266,9085.899554534868
1085,rodent.xml,152,8,0.13376235961914062,9090.748723798659
1086,rodent.xml,152,10,0.16698670387268066,9102.521127424176
1087,rodent.xml,152,11,0.1837785243988037,9097.907415839953
1088,rodent.xml,152,13,0.21738195419311523,9089.990966980564
1089,rodent.xml,152,16,0.2672841548919678,9098.930690384463
1090,rodent.xml,152,19,0.3174149990081787,9098.498839135154
1091,rodent.xml,152,23,0.3843822479248047,9095.113051849132
1092,rodent.xml,152,27,0.4508192539215088,9103.426626748596
1093,rodent.xml,152,32,0.534571647644043,9098.87387675077
1094,rodent.xml,152,38,0.6347382068634033,9099.814596859465
1095,rodent.xml,152,45,0.7539200782775879,9072.579703178513
1096,rodent.xml,152,54,0.9017829895019531,9101.968096041828
1097,rodent.xml,152,64,1.0690088272094727,9100.018402461512
1098,rodent.xml,152,76,1.2712924480438232,9086.815561419733
1099,rodent.xml,152,91,1.5204970836639404,9097.025011497584
1100,rodent.xml,152,108,1.8057398796081543,9091.010386037591
1101,rodent.xml,152,128,2.1436567306518555,9076.080009360317
1102,rodent.xml,152,152,2.5386223793029785,9100.999104224233
1103,rodent.xml,152,181,3.0297937393188477,9080.486121205464
1104,rodent.xml,152,215,3.5996012687683105,9078.78333179448
1105,rodent.xml,152,256,4.283940553665161,9083.225948760777
1106,rodent.xml,152,304,5.086347579956055,9084.711430672465
1107,rodent.xml,152,362,6.058174133300781,9082.60455861481
1108,rodent.xml,152,431,7.21449089050293,9080.613032062904
1109,rodent.xml,152,512,8.570456981658936,9080.49596031413
1110,rodent.xml,181,1,0.01918196678161621,9435.945857933006
1111,rodent.xml,181,1,0.019062519073486328,9495.072466668335
1112,rodent.xml,181,1,0.01905226707458496,9500.181752199322
1113,rodent.xml,181,2,0.03799891471862793,9526.587869167206
1114,rodent.xml,181,2,0.03800630569458008,9524.735261275955
1115,rodent.xml,181,2,0.03804492950439453,9515.065600481288
1116,rodent.xml,181,3,0.056964874267578125,9532.189914953458
1117,rodent.xml,181,3,0.057018280029296875,9523.261657857764
1118,rodent.xml,181,4,0.07602477073669434,9523.211881920903
1119,rodent.xml,181,5,0.09496450424194336,9529.876528332203
1120,rodent.xml,181,6,0.11388731002807617,9535.741951691307
1121,rodent.xml,181,7,0.1329329013824463,9531.124250082054
1122,rodent.xml,181,8,0.1519603729248047,9528.799989958705
1123,rodent.xml,181,10,0.19008612632751465,9521.999500802103
1124,rodent.xml,181,11,0.20885109901428223,9533.107603440698
1125,rodent.xml,181,13,0.24686884880065918,9531.376726676408
1126,rodent.xml,181,16,0.303647518157959,9537.374181644014
1127,rodent.xml,181,19,0.36068010330200195,9534.764930242027
1128,rodent.xml,181,23,0.43643665313720703,9538.612236335786
1129,rodent.xml,181,27,0.5125179290771484,9535.27617814199
1130,rodent.xml,181,32,0.6072587966918945,9537.943347305172
1131,rodent.xml,181,38,0.721193790435791,9536.96508651839
1132,rodent.xml,181,45,0.8548502922058105,9527.984109338107
1133,rodent.xml,181,54,1.0251538753509521,9534.178463358936
1134,rodent.xml,181,64,1.2144372463226318,9538.574376796207
1135,rodent.xml,181,76,1.4446654319763184,9521.927842615878
1136,rodent.xml,181,91,1.7276268005371094,9533.88775566532
1137,rodent.xml,181,108,2.051602840423584,9528.15994150409
1138,rodent.xml,181,128,2.435575485229492,9512.330921583814
1139,rodent.xml,181,152,2.884809732437134,9536.850798391275
1140,rodent.xml,181,181,3.442054033279419,9517.863369735349
1141,rodent.xml,181,215,4.088989496231079,9517.021267936467
1142,rodent.xml,181,256,4.866725206375122,9520.981365313699
1143,rodent.xml,181,304,5.779331684112549,9520.824034249777
1144,rodent.xml,181,362,6.881189346313477,9521.900459707987
1145,rodent.xml,181,431,8.19770097732544,9516.204630514794
1146,rodent.xml,181,512,9.73383355140686,9520.606604846436
1147,rodent.xml,215,1,0.02184772491455078,9840.841590641232
1148,rodent.xml,215,1,0.021755695343017578,9882.469698630137
1149,rodent.xml,215,1,0.021712779998779297,9902.002415724168
1150,rodent.xml,215,2,0.04338216781616211,9911.90670374482
1151,rodent.xml,215,2,0.043366193771362305,9915.557779109467
1152,rodent.xml,215,2,0.04335951805114746,9917.08439869572
1153,rodent.xml,215,3,0.06508660316467285,9909.873439978315
1154,rodent.xml,215,3,0.06505012512207031,9915.430582026096
1155,rodent.xml,215,4,0.08702492713928223,9882.226027303437
1156,rodent.xml,215,5,0.10822629928588867,9932.890684548855
1157,rodent.xml,215,6,0.12993550300598145,9928.002510142407
1158,rodent.xml,215,7,0.15157723426818848,9928.931658280391
1159,rodent.xml,215,8,0.1733264923095703,9923.468577025078
1160,rodent.xml,215,10,0.216538667678833,9928.942590470024
1161,rodent.xml,215,11,0.23836755752563477,9921.652193569424
1162,rodent.xml,215,13,0.2815821170806885,9926.05648745471
1163,rodent.xml,215,16,0.3465719223022461,9925.789651822888
1164,rodent.xml,215,19,0.4115133285522461,9926.774460432489
1165,rodent.xml,215,23,0.49787116050720215,9932.288496008328
1166,rodent.xml,215,27,0.5845801830291748,9930.20319286172
1167,rodent.xml,215,32,0.692467451095581,9935.485038487905
1168,rodent.xml,215,38,0.8228578567504883,9928.810830419468
1169,rodent.xml,215,45,0.9740190505981445,9933.070604788056
1170,rodent.xml,215,54,1.1691865921020508,9929.980448310373
1171,rodent.xml,215,64,1.3850243091583252,9934.843676759658
1172,rodent.xml,215,76,1.6470136642456055,9920.986300671851
1173,rodent.xml,215,91,1.9704241752624512,9929.334122889573
1174,rodent.xml,215,108,2.3405942916870117,9920.557391116212
1175,rodent.xml,215,128,2.7779455184936523,9906.601773429591
1176,rodent.xml,215,152,3.296933650970459,9912.240724159123
1177,rodent.xml,215,181,3.9257760047912598,9912.689861190687
1178,rodent.xml,215,215,4.661557912826538,9916.212747847521
1179,rodent.xml,215,256,5.5547754764556885,9908.591307297831
1180,rodent.xml,215,304,6.595739364624023,9909.427341922525
1181,rodent.xml,215,362,7.852881669998169,9911.011431300243
1182,rodent.xml,215,431,9.354073762893677,9906.379011847148
1183,rodent.xml,215,512,11.105834245681763,9911.907342107323
1184,rodent.xml,256,1,0.02484130859375,10305.415233415233
1185,rodent.xml,256,1,0.02474498748779297,10345.529579527498
1186,rodent.xml,256,1,0.024582862854003906,10413.758622027388
1187,rodent.xml,256,2,0.04922318458557129,10401.602503184682
1188,rodent.xml,256,2,0.049340009689331055,10376.974046494995
1189,rodent.xml,256,2,0.04901432991027832,10445.924710941186
1190,rodent.xml,256,3,0.07367610931396484,10424.00321014821
1191,rodent.xml,256,3,0.07418060302734375,10353.110768281394
1192,rodent.xml,256,4,0.0979306697845459,10456.376968041466
1193,rodent.xml,256,5,0.12290573120117188,10414.48586237934
1194,rodent.xml,256,6,0.14795613288879395,10381.455435541024
1195,rodent.xml,256,7,0.17124152183532715,10464.751660658918
1196,rodent.xml,256,8,0.19610047340393066,10443.625986468167
1197,rodent.xml,256,10,0.24681806564331055,10372.012248485844
1198,rodent.xml,256,11,0.26927876472473145,10457.564312130735
1199,rodent.xml,256,13,0.318479061126709,10449.666575335492
1200,rodent.xml,256,16,0.3936598300933838,10404.922440342336
1201,rodent.xml,256,19,0.4647965431213379,10464.7938371827
1202,rodent.xml,256,23,0.5642461776733398,10435.161518114443
1203,rodent.xml,256,27,0.6623682975769043,10435.282040649721
1204,rodent.xml,256,32,0.7831270694732666,10460.626786288924
1205,rodent.xml,256,38,0.9310827255249023,10448.05121318924
1206,rodent.xml,256,45,1.1039187908172607,10435.550237777396
1207,rodent.xml,256,54,1.321159839630127,10463.533317717392
1208,rodent.xml,256,64,1.5665364265441895,10458.741796476083
1209,rodent.xml,256,76,1.8654775619506836,10429.500947551116
1210,rodent.xml,256,91,2.22687029838562,10461.318747162124
1211,rodent.xml,256,108,2.6501729488372803,10432.526681751131
1212,rodent.xml,256,128,3.139045000076294,10438.843660796063
1213,rodent.xml,256,152,3.7293684482574463,10433.938223020496
1214,rodent.xml,256,181,4.4365949630737305,10444.045576767689
1215,rodent.xml,256,215,5.273939371109009,10436.221603439886
1216,rodent.xml,256,256,6.278764247894287,10437.722681175495
1217,rodent.xml,256,304,7.4518961906433105,10443.516389522003
1218,rodent.xml,256,362,8.878849983215332,10437.387744492597
1219,rodent.xml,256,431,10.570615768432617,10437.991732657627
1220,rodent.xml,256,512,12.555869102478027,10439.102138627077
1221,rodent.xml,304,1,0.028257131576538086,10758.346054219155
1222,rodent.xml,304,1,0.02827143669128418,10752.902419484057
1223,rodent.xml,304,1,0.028075695037841797,10827.870853784882
1224,rodent.xml,304,2,0.05644798278808594,10770.97834093597
1225,rodent.xml,304,2,0.05647635459899902,10765.567365617046
1226,rodent.xml,304,2,0.05597424507141113,10862.138457147968
1227,rodent.xml,304,3,0.08417439460754395,10834.64875811847
1228,rodent.xml,304,3,0.08453249931335449,10788.749976731397
1229,rodent.xml,304,4,0.11208486557006836,10848.922321629889
1230,rodent.xml,304,5,0.14043712615966797,10823.34879362212
1231,rodent.xml,304,6,0.1694037914276123,10767.173418190057
1232,rodent.xml,304,7,0.1957414150238037,10871.485728971655
1233,rodent.xml,304,8,0.22427678108215332,10843.744003571865
1234,rodent.xml,304,10,0.2811260223388672,10813.655650616387
1235,rodent.xml,304,11,0.3076772689819336,10868.531208252356
1236,rodent.xml,304,13,0.3639068603515625,10859.921673864732
1237,rodent.xml,304,16,0.44809651374816895,10854.80437978497
1238,rodent.xml,304,19,0.5313065052032471,10871.314285509148
1239,rodent.xml,304,23,0.6447985172271729,10843.6973925866
1240,rodent.xml,304,27,0.7568690776824951,10844.676103207426
1241,rodent.xml,304,32,0.8953325748443604,10865.236308073636
1242,rodent.xml,304,38,1.0649828910827637,10847.122612697684
1243,rodent.xml,304,45,1.2616562843322754,10842.889755223678
1244,rodent.xml,304,54,1.509855031967163,10872.567003079685
1245,rodent.xml,304,64,1.7910370826721191,10862.979995351532
1246,rodent.xml,304,76,2.1320571899414062,10836.482299349085
1247,rodent.xml,304,91,2.5455687046051025,10867.512611211
1248,rodent.xml,304,108,3.0279905796051025,10842.834261486312
1249,rodent.xml,304,128,3.587653160095215,10846.087473786705
1250,rodent.xml,304,152,4.26079535484314,10844.9235768802
1251,rodent.xml,304,181,5.073803901672363,10844.723419812044
1252,rodent.xml,304,215,6.024123907089233,10849.710432264494
1253,rodent.xml,304,256,7.1785807609558105,10841.140135008793
1254,rodent.xml,304,304,8.520625352859497,10846.152268505206
1255,rodent.xml,304,362,10.147826194763184,10844.490030464909
1256,rodent.xml,304,431,12.08324122428894,10843.44817486753
1257,rodent.xml,304,512,14.361674547195435,10837.733405565517
1258,rodent.xml,362,1,0.03246569633483887,11150.230577729473
1259,rodent.xml,362,1,0.03238081932067871,11179.457703493723
1260,rodent.xml,362,1,0.03236865997314453,11183.657287646209
1261,rodent.xml,362,2,0.06477141380310059,11177.770523905754
1262,rodent.xml,362,2,0.06528878211975098,11089.194444951632
1263,rodent.xml,362,2,0.06474518775939941,11182.298253431089
1264,rodent.xml,362,3,0.09720516204833984,11172.246176184917
1265,rodent.xml,362,3,0.09787273406982422,11096.042328042327
1266,rodent.xml,362,4,0.1291182041168213,11214.53020435371
1267,rodent.xml,362,5,0.16219639778137207,11159.310716873855
1268,rodent.xml,362,6,0.1943645477294922,11174.877442273535
1269,rodent.xml,362,7,0.22597432136535645,11213.663502513702
1270,rodent.xml,362,8,0.2585127353668213,11202.542868499955
1271,rodent.xml,362,10,0.32442617416381836,11158.162590704189
1272,rodent.xml,362,11,0.3553147315979004,11206.965672637285
1273,rodent.xml,362,13,0.41995978355407715,11205.834902031806
1274,rodent.xml,362,16,0.5184388160705566,11172.00298368813
1275,rodent.xml,362,19,0.612863302230835,11222.731031477882
1276,rodent.xml,362,23,0.7438678741455078,11192.847936287342
1277,rodent.xml,362,27,0.8736820220947266,11187.136455624906
1278,rodent.xml,362,32,1.0329909324645996,11214.038415963521
1279,rodent.xml,362,38,1.2290456295013428,11192.424162137237
1280,rodent.xml,362,45,1.4571599960327148,11179.28027419871
1281,rodent.xml,362,54,1.7435729503631592,11211.460923346198
1282,rodent.xml,362,64,2.068749189376831,11199.037620881869
1283,rodent.xml,362,76,2.4587507247924805,11189.422222670428
1284,rodent.xml,362,91,2.947438955307007,11176.482532636115
1285,rodent.xml,362,108,3.4960625171661377,11182.866384120243
1286,rodent.xml,362,128,4.139461278915405,11193.727124835108
1287,rodent.xml,362,152,4.920290946960449,11183.078519775652
1288,rodent.xml,362,181,5.856585264205933,11187.747986946422
1289,rodent.xml,362,215,6.9553210735321045,11189.993844594117
1290,rodent.xml,362,256,8.28810167312622,11181.33001438491
1291,rodent.xml,362,304,9.849481582641602,11172.973833866032
1292,rodent.xml,362,362,11.716243743896484,11184.813397917458
1293,rodent.xml,362,431,13.954898118972778,11180.447085305184
1294,rodent.xml,362,512,16.577239513397217,11180.631120773194
1295,rodent.xml,431,1,0.03731966018676758,11548.872573947487
1296,rodent.xml,431,1,0.03720355033874512,11584.915850118237
1297,rodent.xml,431,1,0.03729653358459473,11556.033726899055
1298,rodent.xml,431,2,0.0745706558227539,11559.50675891704
1299,rodent.xml,431,2,0.07499337196350098,11494.34913287447
1300,rodent.xml,431,2,0.07436680793762207,11591.192682668787
1301,rodent.xml,431,3,0.11179947853088379,11565.349114243125
1302,rodent.xml,431,3,0.11252522468566895,11490.756882395941
1303,rodent.xml,431,4,0.14863157272338867,11599.150627360019
1304,rodent.xml,431,5,0.18629932403564453,11567.406436685113
1305,rodent.xml,431,6,0.22455048561096191,11516.34116026939
1306,rodent.xml,431,7,0.25988292694091797,11609.073499029382
1307,rodent.xml,431,8,0.29761457443237305,11585.454128300726
1308,rodent.xml,431,10,0.3726940155029297,11564.446491537828
1309,rodent.xml,431,11,0.4085695743560791,11603.898815696184
1310,rodent.xml,431,13,0.48305225372314453,11599.15921479437
1311,rodent.xml,431,16,0.5957272052764893,11575.768135013113
1312,rodent.xml,431,19,0.7060322761535645,11598.619888333355
1313,rodent.xml,431,23,0.8548839092254639,11595.72649926387
1314,rodent.xml,431,27,1.0058536529541016,11569.277464791403
1315,rodent.xml,431,32,1.1881721019744873,11607.746030293636
1316,rodent.xml,431,38,1.4120721817016602,11598.55722124856
1317,rodent.xml,431,45,1.6874561309814453,11493.632127028764
1318,rodent.xml,431,54,2.0048935413360596,11608.596426765993
1319,rodent.xml,431,64,2.384540319442749,11567.84801460023
1320,rodent.xml,431,76,2.830684185028076,11571.760697732201
1321,rodent.xml,431,91,3.389481544494629,11571.386209110586
1322,rodent.xml,431,108,4.02750039100647,11557.54077738716
1323,rodent.xml,431,128,4.764091968536377,11579.961168748952
1324,rodent.xml,431,152,5.660343647003174,11573.855597033376
1325,rodent.xml,431,181,6.738918781280518,11576.189375764592
1326,rodent.xml,431,215,7.999605655670166,11583.6959956043
1327,rodent.xml,431,256,9.529717445373535,11578.097738203734
1328,rodent.xml,431,304,11.315158367156982,11579.510931133414
1329,rodent.xml,431,362,13.474584341049194,11578.984260367277
1330,rodent.xml,431,431,16.048592567443848,11574.909090584959
1331,rodent.xml,431,512,19.077834606170654,11566.931182463677
1332,rodent.xml,512,1,0.05324077606201172,9616.689272215954
1333,rodent.xml,512,1,0.05458664894104004,9379.582918764987
1334,rodent.xml,512,1,0.05316352844238281,9630.662504933089
1335,rodent.xml,512,2,0.10780930519104004,9498.252476309475
1336,rodent.xml,512,2,0.10616683959960938,9645.196220042399
1337,rodent.xml,512,2,0.10695886611938477,9573.773892264688
1338,rodent.xml,512,3,0.15921521186828613,9647.319385981069
1339,rodent.xml,512,3,0.16125226020812988,9525.447879102405
1340,rodent.xml,512,4,0.2116696834564209,9675.452651308224
1341,rodent.xml,512,5,0.270327091217041,9470.009048943673
1342,rodent.xml,512,6,0.3225109577178955,9525.25775166721
1343,rodent.xml,512,7,0.3732011318206787,9603.400671684174
1344,rodent.xml,512,8,0.42714834213256836,9589.1745231889
1345,rodent.xml,512,10,0.5361924171447754,9548.810904980715
1346,rodent.xml,512,11,0.5846691131591797,9632.79891692629
1347,rodent.xml,512,13,0.6927897930145264,9607.531847485572
1348,rodent.xml,512,16,0.8550376892089844,9580.864216147727
1349,rodent.xml,512,19,1.0113892555236816,9618.45298125398
1350,rodent.xml,512,23,1.2306461334228516,9568.957054492083
1351,rodent.xml,512,27,1.4417271614074707,9588.499384657822
1352,rodent.xml,512,32,1.7049877643585205,9609.45312482302
1353,rodent.xml,512,38,2.0246503353118896,9609.560555058944
1354,rodent.xml,512,45,2.4057705402374268,9576.973204487811
1355,rodent.xml,512,54,2.8785502910614014,9604.834796825946
1356,rodent.xml,512,64,3.4257898330688477,9565.093481127587
1357,rodent.xml,512,76,4.061651945114136,9580.338376065984
1358,rodent.xml,512,91,4.864587783813477,9577.78995273374
1359,rodent.xml,512,108,5.766235828399658,9589.618192106906
1360,rodent.xml,512,128,6.838819265365601,9582.94077632661
1361,rodent.xml,512,152,8.128682136535645,9573.999658592596
1362,rodent.xml,512,181,9.663326501846313,9590.072319536519
1363,rodent.xml,512,215,11.49289846420288,9578.088620800747
1364,rodent.xml,512,256,13.68035078048706,9581.04087410933
1365,rodent.xml,512,304,16.246372938156128,9580.476860434866
1366,rodent.xml,512,362,19.350443363189697,9578.281826481529
1367,rodent.xml,512,431,23.03252100944519,9580.887819857266
1368,rodent.xml,512,512,27.35773754119873,9582.07891296678
